job_id,title,company_name,formatted_experience_level,description,noise_bucket
91700727,Economic Development and Planning Intern,Downtown Raleigh Alliance,,"Job summary:The Economic Development & Planning Intern will provide valuable support to the Economic Development & Planning team, with a specific focus on urban planning and transportation initiatives during the upcoming summer semester. This role is ideal for a local graduate or undergraduate student with a keen interest in economic development, city planning, and a passion for contributing to the growth of a vibrant downtown community.
Responsibilities/Essential Functions:Support the Planning & Transportation Manager and DRA Economic Development &Planning team in major planning and advocacy initiatives, such as the ongoing Downtown Economic Development Strategy.Assist in coordination efforts related to transportation planning and major downtownprojects such Raleigh’s first Bus Rapid Transit line.Contribute to the creation of reports, including the annual State of Downtown andquarterly market reports.Assist in data collection, analysis, and maintenance of downtown data.Support small business and retail recruitment programs.Participate in stakeholder meetings and community engagement efforts.
Qualifications:Currently enrolled in a graduate or undergraduate program with a focus on urbanplanning, economics, business, research, public administration, geography,sustainability, or related field.Strong interest in economic development, city planning, and community revitalization.Excellent analytical and research skills, with a keen eye for detail.Proficiency in Microsoft Office Suite and data analysis tools.Effective communication skills, both written and verbal.
Benefits:Gain hands-on experience in economic development and city planning.Work closely with a dynamic and experienced team of economic development andplanning professionals.Networking opportunities with local stakeholders and professionals.Compensation for your contributions
Physical Requirements:Prolonged periods sitting at a desk and working on a computer.Must be able to lift up to 15 pounds at times.Must be able to access various departments of a given location.
Position Environment: This is an in-person role, with the candidate reporting to the Downtown Raleigh Alliance offices at 333 Fayetteville Street, Suite 1150, Raleigh NC. Office space will be provided onsite at DRA and the intern may also be in the field providing support to our Downtown Raleigh community. DRA will provide parking for regular or required on-site work. DRA will also provide the option of transit passes for regular or on-site work. Travel outside of periodic travel to and from Downtown Raleigh and the DRA office will not be required of this position.
Other duties:Please note this job description is not designed to cover or contain a comprehensive listing of activities, duties or responsibilities that are required of the employee for this job. Duties, responsibilities and activities may change at any time with or without notice.
Compensation:This position is a temporary, part-time position, at approximately 12 to 20 hours a week and limited to a maximum 14-week term, aligned with the summer university calendar. Anticipated pay range is $14 - $20 an hour commensurate with qualifications and prior experience. This position is non-exempt and not eligible for benefits at DRA.
How to Apply:Please submit your resume and cover letter highlighting your interest in economic development and planning to marysell@downtownraleigh.org. Applications will be accepted until Monday, May 6th. Interviews will be scheduled on a rolling basis.
EEO statement: We are an equal employment opportunity employer and do not discriminate against any person because of race, color, creed, religion, national origin, political affiliation, sex, gender identity or expression, sexual orientation, age, disability, genetic information, or other reasons prohibited by law (referred to as ""protected status""). This nondiscrimination and opportunity policy extends to employment, use of all company facilities, membership, board service and leadership, volunteerism, participation in any of the organizations programs or services and all employment actions such as promotions, compensation, benefits and termination of employment.",entry_title_not_entry
2735151240,Intern- Business Analytics,LT Apparel Group,,"Summer Internshipadidas & Carhartt kids DivisionLT Apparel- Greensboro, NC Location
We are a leading apparel company that is constantly innovating and seeking new ways to improve. We are looking for a bright and motivated intern to join our team and help us streamline our costing process and build powerful predictive models.
Responsibilities:· Partner with the global sourcing team to review and analyze current costing models and identify areas to improve process efficiency.· Build and implement predictive product costing models.· Conduct data analysis to identify trends and patterns in material and production costs across various sourcing regions.Qualifications:· Candidate must be currently enrolled in an MBA program with a focus in data analytics.· Proven track record of academic excellence, with a strong understanding of data analysis, modeling, and visualization techniques.· Familiarity with data visualization tools (e.g., Tableau, Power BI).· Expertise in Microsoft Excel, including advanced formulas and functions.· A passion for working with data and an ability to translate complex information into actionable insights.· Excellent communication and interpersonal skills, with the ability to work effectively in a team environment.· A creative and innovative approach to problem-solving is a plus.
What we offer:This internship offers a unique opportunity to gain valuable experience in the fast-paced world of apparel manufacturing and data analysis while working with two established brands. You will work alongside industry experts in both sourcing and data, learning from the best in the business. We provide a competitive internship stipend and a fun and collaborative work environment.To Apply:Please submit your resume to catherine.lim@ltapparel.com.",entry_title_not_entry
3040487795,Digital Marketing Intern,Lead Lab,,"We are looking for a creative, self-motivated marketing student with strong communication skills to join our small but mighty digital marketing team as an intern this summer. This paid internship is a 12-week program that will allow you to work directly with our team on day-to-day tasks and deliverables. This internship will primarily focus on organic marketing efforts. 
Your day to day will look like…Managing social media content calendarCreating engaging social media postsDesigning and executing monthly newslettersCrafting compelling blog postsProducing short-form videos for TikTok, Facebook and InstagramContributing to web design efforts
Who we areWe are a digital marketing and lead generation company based in Redmond, WA. We generate online leads for clients using paid advertising strategies. In addition to our lead generation efforts, we support clients in social media marketing, web design, email marketing campaigns and more. On a typical day, you can find us: working on copy and creative, developing ad campaigns, discussing new marketing trends and topics, creating landing pages and diving into reports and analytics.
We take our work seriously, but never ourselves. We help our people grow. Personal growth and professional development is more than a mantra. We give our team members new opportunities to learn at each step. We also let people focus on what they are good at.
Who you areYou’re a self-starter who knows how to take ownership and initiative. You’re a strong writer and effective communicator. You’re eager to learn new things and you’re willing to think outside the box. You’re equal parts creative and critical-thinker. You can switch gears quickly and you enjoy a good challenge. You’re ready to learn new things, but you also bring new ideas to the table! You have a good sense of humor and a strong grasp on GIF culture (a vital component to communication on Slack)Bonus points: You have a Goodreads account (kidding… kind of)
Logistics12-week program (beginning May-June depending on your schedule)25 hours/week$25/hrHybrid in-person/remote schedule (option to be fully remote)Must be a full-time WA or SC resident
How to Apply?Send us your resume along with your top three strengths to support@theleadlab.us - no cover letter needed!",entry_title_not_entry
3478651125,Photonics Layout Intern,Axalume,,"Job descriptionAxalume developed proprietary technologies that combine silicon photonic circuits with silicon electronics to solve looming interconnect bottlenecks for servers, data centers, and high-performance computing and networking systems. As a new, fabless semiconductor startup, our technology has been critically evaluated and hailed by commercial, academic, and government institutions. We are on track to deliver electronic-photonic integrated circuit (EPIC) chipsets to serve future data center and cloud computing market segments. Our products will include silicon photonics IP, chipsets, and architecture for transforming Internet data centers to make them faster, lower cost, and more space- and energy-efficient. Our technology will deliver up to a 4.5x improvement in size (density), a 3.5x improvement in energy efficiency, and a 2x improvement in latency versus currently available networking components. Our optical switching chipsets will enable data center operators to offer improved, faster, and more secure services to their customers with even higher scalability and efficiency.We are seeking a Photonics Layout Intern to join our technical team, tasked with creating layouts for silicon photonics and photonic integrated circuits. The successful applicant will undertake the design and verification of photonic circuits and device layouts. This part-time position is ideally suited for a fourth-year undergraduate or graduate student. The candidate will be expected to work two days per week, with additional hours required as project deadlines approach.The position is in sunny San Diego.
Qualifications:Undergraduate or graduate student in Electrical Engineering, CS, Physics, or related field.Proficiency and experience in Python are MUST.Able to work independently as well as effectively as part of a team.Have strong communication and interpersonal skills.
Preferred Additional QualificationsExperience with layout software (KLayout, etc.)Some knowledge of photonics.
Appropriate candidates: Please send your resume to yossi@axalume.com.",entry_title_not_entry
3480552482,Summer Intern for Women International Company,Women choice,,"“These are the hard times in which genius should wish to live…great necessities call forth great leaders.” ~Abigail Adams 
If this sounds interesting to you…keep reading! 
Our Women's Leadership Internship is designed for students who are eager to make a difference in the realm of women's empowerment and who are:- Enrolled in Gender Studies, Leadership, or related fields. - Driven by a deep passion for gender equality and leadership. - Skilled communicators and team players.- Proficient in digital tools. 
KEY RESPONSIBILITIES● ⁠Participate in the planning and implementation of women's empowerment and leadership programs.● ⁠Engage with program participants and partners to facilitate and support activities that promote leadershipdevelopment.● ⁠Assist in organizing events, seminars, and workshops focused on women's leadership and empowerment.● Conduct research on best practices for fostering gender equality and women's participation in leadershiproles.● Contribute to the creation of content for social media, newsletters, and other communication channels tohighlight the impact of our programs.● ⁠Work closely with the Women Choice team to evaluate program effectiveness and suggest improvements.● ⁠AND sees self as life-learner, good command of English, detail oriented, enjoys brainstorming and working collaboratively. 
EXTRA BENEFITS: free attendance to all programs
HOW TO APPLYPlease submit your resume along with a cover letter detailing your interest in the Women's Leadership Internship andhow you believe you can contribute to Women Choice's mission. Applications should be sent to:m.risa@womenchoice.org.
Women Choice is committed to creating an inclusive workplace and strongly encourages applications from allqualified individuals, including those from diverse backgrounds.C

",entry_title_not_entry
3638272617,URGENT!! Influencer Marketing Intern (100% WFH),Acadium,,"Calling All Influencer Marketing Interns Out There!!!
Acadium is seeking the following positions who are enthusiastic, hard-working freelancers to give support to CEOs, Founders, VP of Marketing, Coaches, and/or Director of Marketing and help scale up their business projects.
We are looking for Influencer Interns to voluntarily work with CEOs, Founders, VP of Marketing, Coaches, and/or Director of Marketing and help scale up their business projects. In exchange, these mentors will provide feedback and guidance to help you enhance your career trajectory in digital marketing.
The program is a 3-month remote internship where you will assist in fulfilling various digital marketing projects for your mentor's business for 10 hours per week.
What’s In It For You?It’s (100%) fully remote position and offers flexibility in schedule.You’ll have clear goals and the training resources you need to deliver. Access our free courses on the platform that you can finish at your own pace.1 to 2 hours of mentorship every week.Issued certification upon successfully completing the program.Boost your portfolio and grow your professional networkGet to utilize and elevate your digital marketing skills in real projects
About us:Acadium started with the belief that anyone, anywhere, should be able to get the skills and experience they need to start their career without barriers like price, schedule, or location getting in their way. Acadium gives anyone the tools, support, and mentorship they need to launch their dream career. Acadium is the only platform that provides real work experience, accessible to everyone. Acadium began in 2017 with a team of 3 co-founders: Richard Shaw, Marco Tundo, and Moe Abbas. Since then, they’ve attracted more than 120,000 student members and over 50,000 businesses to connect through the apprenticeship marketplace. Our team is growing and looking for people who are motivated, intelligent, and committed to making education accessible to join our team.
What We Value:Integrity - Be trustworthy in your actionsCare - Treat your teammates and our community as you would want to be treatedCuriosity - Ask questions. Always state your assumptionsTenacity - Persevere when times are toughDiscipline - Be consistent in your actionsAmbition - Aspire to become better every dayService -Serve your community to the best of your abilities.
What You'll Do:Develop and execute influencer marketing strategies and creative campaignsIdentify and build relationships with prominent influencers and thought leaders Sharing all the important information and links via social media.Connecting to the brand and potential target audience across various social networking platforms.
We believe representation matters at Acadium and strongly encourage people of color, members of the LGBTQ+ community, veterans, those with disabilities, and individuals from other underrepresented groups to apply. Furthermore, by submitting your interest in this job, you agree to receive email notifications or messages from us with additional steps to complete your application.
Check with your school's Internship Coordinator BEFORE accepting the hiring offer to determine if this position satisfies the criteria for receiving academic credit.
",entry_title_not_entry
3706460061,Admininistrative Assistant Intern,Sharper Office Admin ,,"Company Description
Sharper Office Admin provides business consultation and administrative services for Small, Medium, and Large companies both virtually and in-person. We offer our clients intuitive guidance to reform their operations, and support their business. We are committed to being an important ally to every organization that wants to invest in change and improvement and needs help in deciding where and how.
Role Description
This is an Administrative Assistant Internship role at Sharper Office Admin for which we are looking for a proactive individual with a positive attitude to join our team. The role includes assisting management with day-to-day administrative tasks, which will include scheduling appointments and meetings, taking minutes, entering data, and maintaining records. The internship is remote, and you can work from anywhere.
Qualifications
Currently enrolled in an Administration program at a university or college.Proficient in Microsoft office, Google Suite, and attention to detail.Excellent verbal and written communication skillsAbility to handle confidential information and maintain discretion.Flexible, proactive and able to work in a fast-paced environment.Experience working in an administrative role is a plus but not mandatory",entry_title_not_entry
3728879926,Sales and Marketing Assistant (Graduate),Pier,,"Join Our Team as an Entry-Level Sales and Marketing Assistant!
Are you a recent graduate eager to jump-start your career in sales and marketing? Do you thrive in fast-paced environments and enjoy working with a dynamic team? If so, we have an exciting opportunity for you!
Pier Events is a leading Experiential Marketing company dedicated to delivering innovative solutions to our clients. With a focus on creativity, collaboration, and customer satisfaction, we are committed to driving growth and success for our clients and employees alike.

Job Description:
As an Entry-Level Sales and Marketing Assistant, you will play a key role in supporting our sales and marketing teams in various initiatives. This position offers an excellent opportunity to gain hands-on experience in both sales and marketing functions while learning from seasoned professionals in the field. You will have the chance to work on exciting projects, develop valuable skills, and grow your career in a dynamic industry.
Responsibilities:Assist the sales and marketing teams in day-to-day operations, including administrative tasks, scheduling meetings, and managing correspondence.Conduct market research to identify potential leads and opportunities for business development.Assist in the creation and implementation of marketing campaigns across various channels.Coordinate logistics for events, trade shows, and other promotional activities.Support the sales team in prospecting, lead generation, and follow-up activities.Prepare sales presentations, proposals, and reports for internal and external stakeholders.Maintain accurate records of sales and marketing activities using CRM software.
Qualifications:Bachelor's degree in Marketing, Business Administration, or related field.Strong communication and interpersonal skills.Highly organized with excellent attention to detail.Ability to multitask and prioritize tasks effectively in a fast-paced environment.Proficiency in Microsoft Office suite (Word, Excel, PowerPoint).Previous internship or work experience in sales or marketing is a plus, but not required.Enthusiasm for learning and a proactive attitude.
Benefits:Competitive salary and benefits package.Opportunities for professional development and growth.Collaborative and supportive work environment.Exposure to diverse projects and opportunities to make an impact from day one.If you are passionate about sales and marketing, eager to learn, and ready to take the next step in your career, we want to hear from you! Join our team and embark on an exciting journey with Pier Events. Apply now with your resume and cover letter, and let's shape the future together.
",entry_title_not_entry
3771168117,Digital Marketing Intern,Red Krypton,,"Overview
Red Krypton is seeking 3-5 driven interns to join our team this summer. You'll have the opportunity to get your hands dirty, contributing to real projects and engaging with RK’s clients. 
You will be given a customized role based on your skills, interests, and career goals. This could involve developing marketing messaging for high-profile clients, participating in brand development discussions for early-stage startups, or helping to develop the structure and mission of a new venture fund. Your work will be diverse and engaging, and you'll have the chance to gain valuable, hands-on experience on a daily basis. 
Throughout your internship, you'll be paired with a mentor who will provide guidance and support as you take on new challenges. You'll also have the opportunity to meet and learn from each member of our small, tight-knit team and be exposed to a diverse range of skill sets and projects across the company. 
We are looking for motivated and passionate team members who are willing to roll up their sleeves, learn new skills, and thrive in a fast-paced, collaborative environment. Ideal candidates possess a drive for growth, a desire to continuously learn and self-teach, and the ability to take initiative and operate as self-starters.
Role & Responsibilities
Work closely with cross-functional teams, including leadership, strategists, designers, and developers, managing time effectively across several projectsCollaborate on projects ranging from direct-to-consumer ecommerce strategy, customer experience, acquisition & retention strategy, social media management & community building, investor relations, and moreActively contribute ideas and insights during internal team meetings and brainstorming sessionsAssist with account management, participating in client meetings and helping to oversee and track objectives and priorities across accounts Assist in the planning, coordination, and execution of marketing campaignsAssist in creating and implementing engaging and compelling content for various marketing channels, including social media, blogs, email campaigns, and moreSupport the planning and execution of social media strategies to increase brand visibility and engagementConduct research on industry trends, competitor activities, and customer preferencesCompile and analyze data to generate insights that inform marketing strategies, across digital channels including social, email, editorial, etc. 
Qualifications
Open to current Juniors and Seniors only Currently pursuing a degree in Marketing, Business, Communication, or a related field.Strong communication skills, both written and verbal.Experience in developing a clear, throughout marketing plan for a brand campaign Excellent time management and organizational skills, with the ability to handle multiple projects simultaneouslyAbility to analyze and present data, making recommendations for improvementPassion for growth and development, willingness to learn new hard and soft skills, and ability to self-teach Proficient in Microsoft Office and Google Suite.Ability to multitask, prioritize, and meet deadlines in a fast-paced environment.
 ",entry_title_not_entry
3776631402,Creative Development Intern,EverWonder Studio,,"EverWonder Studio is seeking CREATIVE DEVELOPMENT INTERNS for the summer term! 
ResponsibilitiesOur interns will help our dev team in fleshing out new nonfiction features, docuseries, formats, and more through brainstorms, research, coverage, and writing. 
QualificationsThe ideal candidate for this internship is a curious and quick learner with strong writing skills and storytelling instincts. We are also looking for candidates who are deeply engaged with pop culture, sports and current events. Previous writing experience is required. 
Compensation, Schedule & LocationThe pay is $18/hr for 3-4 days a week. The term will be from approximately June to September. Our team will be in-office in midtown Manhattan - this position is in person.
To ApplyTo apply, submit a resume, cover letter, and writing sample to communications@everwonder.studio with the subject line “2024 Summer EverWonder Internship Application.” In your cover letter, please explain why you are interested in this position and why you think you are ready for it. Please submit a nonfiction writing sample (*not a script*) that showcases strong, compelling writing.
About EverWonder StudioEverWonder Studio is a new independent content studio led by Emmy and Peabody Award-winning producer Ian Orefice – the former President of TIME and TIME Studios –and backed by RedBird Capital Partners and Jeff Zucker – the former President of NBC Universal, CNN, and Turner Sports.",entry_title_not_entry
445337908,Chief Operating Officer,Food Bank of Alaska,,"The Chief Operations Officer (COO) position is an excellent opportunity for a highly motivated, mission-focused leader in operations. The COO is a key member of FBA’s management team, responsible for the effective functioning of FBA’s operations, including the warehouse, trucks and drivers, facilities, and equipment. This position is also responsible for all food resource activities.This is a full-time, exempt position which reports to the Chief Executive Officer, pay range $90,000 – $110,000 annually. To apply send resume and cover letter to jobs@foodbankofalaska.orgPlanning and ManagementKey member of leadership team, with responsibility for input on all major decisions for FBA’s future.Take an active role in strategic plan development and implementation.Take a visible role in FBA’s relationship with the Feeding America network for the purposes of improving operational effectiveness and food sharing.OperationsTake primary responsibility for the analysis, improvement, and implementation of all warehouse operations, including inventory, storage and distribution. Ensure that FBA implements best practices in warehousing.Take primary responsibility for all food transportation, including inbound food and shipping to rural Alaska.Ensure that donor and partner agencies are served promptly, efficiently, equitable, and courteously.Ensure that FBA’s facility and equipment are maintained appropriately, meeting all applicable regulations and codes. Develop plans pertaining to major repair, replacement or modification of facility systems and equipment.Establish, manage, and forecast expenditures and priorities on facilities and equipment and make recommendations for capital improvements.Food ResourcingTake primary responsibility for all incoming food to FBA, including food donations, USDA programs, and food purchases.Develop and maintain relationships with all local food donors, maintaining the highest standards of customer service. Actively seek new food donors. Ensure all food donors are recognized and thanked in a timely and appropriate manner.Conduct regular analysis of the food solicitation program and make recommendations for improvement.SupervisionDevelop, direct, and inspire operations staff.Ensure all activities are planned and completed in a timely and professional manner.Responsible for hiring, training, providing professional development opportunities and performance reviews for all operations staff.Here are some of the amazing benefits that come with this position:  A Premera Blue Cross Blue Shield Gold plan with very low employee costs.Principle Dental and Vision at a very low cost to employees. Free Life Insurance and AD&D. Paid time off, starting with 3 weeks accrued in the first year, increasing every year to 6 weeks. Approximately 13 paid holidays which include a full week in December. In addition, paid “snow days” when weather conditions force workplace closures.A 403b retirement plan with an employer match. Hybrid/ flexible schedule opportunities.A Wellness Reimbursement Plan. An outstanding team and work environment. Administrative offices are pet friendly. Regular fun events for staff with contests, prizes, and food. A shared leave bank to cover employees when they have emergencies and have exhausted their personal leave.
",leadership_title_not_leadership
1219205895,Director of Training,,,"Job Posting: Service and Training DirectorCompany: Fine Dining Restaurant Group in New YorkPosition: Service and Training DirectorLocation: New York, NY (Multiple Locations)Salary Range: $120,000 - $140,000 per year
About Us:We are a distinguished fine dining restaurant group based in New York, committed to delivering exceptional culinary experiences and impeccable service to our guests. With multiple locations across the city, we take pride in our commitment to excellence, innovation, and providing a memorable dining experience for every patron.
Job Description:We are seeking a dynamic and experienced Service and Training Director to join our team. In this role, you will oversee the service operations and training programs across all our locations. You will be responsible for maintaining our high standards of service excellence, ensuring consistency, and implementing training initiatives to continuously elevate our staff's performance.Responsibilities:Develop and implement service standards and protocols to ensure exceptional guest experiences.Oversee and manage service operations across multiple locations, ensuring consistency and adherence to company policies.Develop and execute comprehensive training programs for front-of-house staff, including servers, hosts, and bartenders.Conduct regular training sessions, workshops, and seminars to enhance staff skills and knowledge.Collaborate with management teams at each location to identify training needs and opportunities for improvement.Monitor and evaluate staff performance, providing feedback and coaching as needed to maintain high standards.Stay updated on industry trends and best practices to continuously improve service delivery and guest satisfaction.Coordinate with HR to ensure compliance with training requirements and certifications.Requirements:Minimum of 5 years of experience in a similar role within the hospitality industry, preferably in fine dining.Strong leadership and managerial skills with the ability to motivate and inspire teams.Exceptional communication and interpersonal skills.Proven track record in developing and implementing successful training programs.In-depth knowledge of service standards, etiquette, and best practices.Ability to multitask and prioritize in a fast-paced environment.Willingness to travel to different locations as needed.Bachelor's degree in Hospitality Management or related field preferred.Benefits:Competitive salary within the range of $120,000 - $140,000 per year.Comprehensive benefits package including health insurance and retirement plans.Opportunities for career advancement within a growing restaurant group.Employee discounts at our fine dining establishments.A collaborative and supportive work environment dedicated to excellence.If you are a passionate leader with a strong background in hospitality and a commitment to delivering exceptional service, we invite you to apply for this exciting opportunity. Please submit your resume and cover letter detailing your relevant experience and why you would be a great fit for our team. We look forward to hearing from you!",leadership_title_not_leadership
2748500131,Director of Public Works,"City of Germantown, TN",,"GENERAL DEFINITION OF WORK:Plan, organize, and direct the functions of the Public Works Department including construction, maintenance and repair of city streets and storm drains, management of the solid waste contract, water and sewer system maintenance and repair and operation of water treatment plants.
NOTE: This position will have a durational collaborative partnership with the Executive Director of Public Works until the impending 2025 retirement date.
ORGANIZATIONAL ACCOUNTABILITY:City of Germantown public servants exist, first and foremost, to protect and enhance the quality of life of those we serve; every position on the Germantown team has a shared responsibility and accountability to fulfill this purpose. Through the constant alignment of individual actions, behaviors and performance with our organization’s values system, Germantown public servants demonstrate a steadfast commitment to our greater mission of Excellence. Every day. As a mission-driven, values-centered organization, the expectation of senior leaders is to model ‘The Germantown Way’ at all times for those they influence and interact with daily.
ESSENTIAL JOB FUNCTIONS:Plan, direct and coordinate, through subordinate level managers, activities of employees responsible for the maintenance of streets, storm drains, and sewer systems; solid waste management, animal shelter operations and operation and maintenance of the City’s water supply and distribution system.Meet with management staff to identify and resolve problems; assign projects and programmatic areas of responsibility and review and evaluate the efficiency and effectiveness of services provided.Develop and implement department policies and procedures, and plan and direct the implementation of the department’s short-and long-term goals, objectives, and strategies in accordance with City mission.Collaborate with City Engineer in the planning, design, construction and inspection of public works projects.Direct the preparation of plans, specifications, estimates, and contracts for public works projects, including streets, sewer, storm drains, solid waste and municipal water systems.Prepare and recommend budget requirements including capital improvement program for Public Works and manage expenditures for the department; develop and monitor grant-funded programs.Direct and oversee the negotiation and administration of various public works contracts including residential solid waste collection and recycling.Conduct studies and prepares reports on proposed improvements, repairs, or changes in public works.Direct or participate in the preparation of reports relative to the department operational programs.Review legislation to ensure compliance with laws, regulations, statures, and codes that impact Department operations.Respond to difficult citizen inquiries and complaints; investigate requests to determine action to be taken.Represents the City of Germantown in the area of public works on a variety of local, state, regional and national boards, commissions, committees and associations.Assist the Asst. City Administrator and the Mayor and Board of Aldermen on environmental and public work service-related matters. OTHER JOB FUNCTIONS:1. Performs related tasks as required. KNOWLEDGE, SKILLS AND ABILITIES:Knowledge of the engineering principles, practices, and methods as applied to planning, design, construction, and maintenance of public work facilities and systems.Knowledge of state and local laws and procedures relating to municipal public works.Knowledge of sanitary sewer collection and treatment systems, water production and distribution systems, and solid waste collection and disposal operations.Knowledge of City personnel, budget and purchasing policies and procedures.Knowledge of construction activity, interpreting plans/specifications and conducting routine construction inspections.Skill in communicating in writing and/or in person on a one-on-one basis and before groups for the purpose of justifying, defending, or negotiating significant or controversial issues.Ability to work cooperatively with City officials, boards and commissions, employees and the general public.Ability to handle confidential material in a highly professional manner.Ability to develop long-term plans and programs and to evaluate work accomplishments.Ability to plan and schedule the work of others.
EDUCATION AND EXPERIENCE: Bachelor’s degree in engineering or related field that includes major course work in engineering. An advanced degree in engineering, management, or public administration is desirable. Seven years experience in the direction of environmental and public works activities including three in a managerial capacity; or any combination of education, training, and experience providing the necessary knowledge, skills, and abilities to perform essential job functions. WORKING CONDITIONS: Work is performed primarily in an office setting. Considerable time is spent outdoors at work site to inspect projects. During occasional emergency situations, may be exposed to extreme weather and working conditions. Walking, standing, bending, and a limited amount of crawling and climbing is required. Traveling is often required to attend meetings and conferences.",leadership_title_not_leadership
2826285517,"Assistant Director of Admission, Midwest Regional Representative",Butler University,,"Position OverviewButler University's Office of Admission seeks a dynamic, experienced enrollment professional to join our team as a Midwest Regional Representative. The candidate must be detail-oriented, self-motivated, have excellent communication skills and the ability to articulate the values of Butler University.
The Assistant Director of Admission, Midwest Regional will represent the university to prospective students and assists students and families in the enrollment process. This position is responsible for all aspects of recruitment for prospective first year and transfer students. This is a remote position with the ideal candidate living in, or willing to relocate on own, to Minnesota (Minneapolis/St. Paul Metro area).
ResponsibilitiesExpand Butler University market position within the region and successfully support enrollment goals as established by University leadership Uses a strategic approach to territory management with guidance of the senior team to ensure steps are in place to meet enrollment goals Assists with the coordination of projects and programs as assigned Cultivate relationships with students, local school/college counselors, independent counselors, and community-based organizations in recruitment territory Review and holistically evaluate approximately 600-1000 applications for assigned territory Plan and execute data-driven travel based on demographic analyses, market research, and other admission data to high schools and college fairs in assigned territory; 25-100+ high school visits, 5-25+ college fairs, 10-40+ days of travel, including overnight travel Assist with various events at high schools such as application workshops and panel discussions Counsel constituents on the admission and financial aid process to support enrollment via phone, text, interview, campus visit programs, etc. Coordinate off-campus events and meetings for prospective/admitted students Host 4-6 weekly virtual meetings for families and students to connect Routinely travel to Indianapolis for training and recruitment events Assist with on campus events (Discover Butler, Open House, Butler Blue Scholars’ Day, etc.), HS counselor visit program, and Office of Admission and/or Enrollment Management Retreat Present and facilitate in-person and virtual Info Sessions and Admitted Student Visits Serve as primary liaison to other academic or student support offices, including supervisory role to secondary liaison Serve on an admission application review committee by specific College or US Match/Global MatchReview and make recommendations on applications for supplemental scholarship opportunities Interview students for scholarships (Butler Blue Scholars Day) Attend meetings, educational conferences, and training workshops Serve as member of regional ACAC Serve on new hire committees Plan interview schedule for potential candidates Present and facilitate specific sessions or workshops as part of on-campus events 
Required Qualifications A bachelor’s degree Two+ years’ college admission experience or other professional experience in working with college bound students Excellent oral and written communication skills including presentation skills Attention to detail and advanced organizational skills Experience in selective admission review processes Experience in database management and/or manipulation Strong teamwork skills for providing solutions Flexibility in a changing environment Willingness to work extra hours and/or weekends when needed Valid U.S. driver’s license, including ability to rent a car and use personal vehicle for local travel
Preferred Qualifications Previous experience in admissions/enrollment management Knowledge of PeopleSoft, Slate or other Admission CRM Previous experience in multicultural recruitment, international admission, college access Experience working in financial aid or strong knowledge base of the financial aid process Fluent in Spanish Strategic Use of Slate Technolutions 
BU Benefits and PerksPlease check out Butler’s Total Rewards website to learn more about our benefit offerings, which include:Paid Time Off and Holidays:18 days of paid time off (vacation and PTO days)8 Paid HolidaysPaid Winter Break between Christmas Eve and New Year’s DayPaid Parental Leave (after 1 year of full-time employment)Health:Comprehensive medical, dental, and vision plans including disability and life insurance programsRetirement:10% employer contribution after 1 year of full-time employmentTuition Assistance:Remission of tuition for classes taken at Butler for employees, spouses, and dependent children.Eligibility after 9 months of full-time employmentEmployees & spouses- undergraduate/graduate degreesDependents (under age 26)- undergraduate degreeCovers tuition onlyTuition Exchange Program for DependentsButler Facilities Access, Discounts and Perks:Access to Butler’s on-site fitness facility and libraries for full-time staff and facultyLinkedIn Learning CoursesFree premium subscription to the Calm AppFree subscription to the WSJ and NYTDiscount at the College BookstoreDiscount on select Athletic and Arts/Events Center Performances
About ButlerButler University is a private, nationally recognized comprehensive university encompassing six colleges: Arts, Business, Communication, Education, Liberal Arts & Sciences, and Pharmacy & Health Sciences. Approximately 4,500 undergraduate and 1,000 graduate and doctoral students are enrolled at Butler, representing 46 states and 24 countries.
Join us at the crossroads of tradition & transformation. A career at Butler University means so much more than a job. Join the dedicated, innovative, and supportive community of faculty and staff that is moving Butler Beyond.
Butler University is an equal-opportunity employer. We celebrate diversity and are committed to creating an inclusive and equitable environment for all employees. We welcome applications from all individuals, regardless of age, gender, gender identity, sex, race, religion, color, disability, protected veteran status, sexual orientation, national origin, or any other legally protected category.",leadership_title_not_leadership
2914254129,Director of Operations,Eastern Indiana Works,,"Director of OperationsAlliance for Strategic Growth, Inc. (ASG, Inc.) (d/b/a Eastern Indiana Works) serves as the Eastern Indiana Workforce Development Board convenes multi-sector leaders to design and implement exceptional initiatives that meet workforce demands and contribute to the sustainable prosperity of Eastern Indiana (Economic Growth Region 6). 
The Director of Operations is responsible for promoting EIW’s established programming (JAG & Career Services) to the community. This role will ensure successful implementation and coordination of our initiatives to advance our mission through serving our clients and community well. 
POSITION OVERVIEW • Incumbent will be the primary contact for service provider support & oversight while working closely with the Vice President of Operational Strategies to support our office service delivery. • Promote staff development in operations to ensure our clients are served well. • Prepare and submit necessary reports on initiatives to the Eastern Indiana Works Executive Team and/or funders. • Develop and support innovative strategies to continue to move the needle forward in our service delivery field. • Cultivate and maintain working relationships with regional stakeholders and community partners to help align EIW programming to community needs. • Facilitate meetings, staff trainings, and workshops as needed. • Provide dedicated project management support for select regional initiatives. 
QUALIFICATIONS• An undergraduate degree from a regionally accredited institution in a related field is preferred but years’ experience will be considered. Must have 2+ years of program management. • Non-profit experience preferred. • Previous project management, implementation, and/or planning preferred. • Proven strong presentation, facilitation, and communication skills. • Ability to plan and execute successful initiatives. • Strong analytical and problem-solving skills. • Proactive, self-motivated with the ability to meet deadlines. • Ability to engage and add value to decision-making processes. • Highly developed project and time management skills. • A passion for excellence in service. 
POSITION TYPE: Administrative, Full Time REQUIRED BEFORE HIRING: Drug Screen, Work Reference, Criminal, and Driving Records Check. COMPENSATION: Salaried, Paid-Time-Off, Health Insurance Stipend, 403(b) Retirement Option (employer match). Eastern Indiana’s Workforce Development Organization HOURS OF WORK: Mandatory 40 hours. May occasionally require more than 40 hours per week. WORK PARAMETERS: Office Space and computer equipment will be provided by Eastern Indiana Works. WORK EVALUATION: Performance is evaluated as needed and is heavily weighted towards meeting deadlines, delivery of exceptional outcomes and execution of assigned duties. REPORTS TO: Vice President of Operational Strategies. DIRECT REPORTS: Workforce Manager. INTERACTS WITH: Community partners, key stakeholders, staff, and collaborative team. TRAVEL: Periodic. Requires safe personal owned vehicle. Occasional trips outside the region for training/conferences. REIMBURSEMENTS: Mileage reimbursement established by the Internal Revenue Service. Cell phone reimbursement. Timely submission of corporate reimbursement documents is required. 
The above statements are intended to describe the general nature of work performed by the employees assigned to this job. All employees must comply with Company policies and applicable laws. The responsibilities, duties and qualifications required of personnel so classified may vary. A criminal records check and drug screen will be required prior to hiring. Random drug screens may be required by employer. Eastern Indiana Works is an equal opportunity employer.",leadership_title_not_leadership
3308438674,Director of Communications and Digital Diplomacy,Consulate General of Israel to New England,,"Director of Communications and Digital Diplomacy
The Director of Communications and Digital Diplomacy in our Consulate has a key role in the organization’s Public Diplomacy team. They are responsible for planning and maintaining the organization’s public image. Acts as a liaison between the organization and the media and is responsible for delivering our messages to target audiences. A great opportunity to gain high- level international experience in the field.Full time (Not remote).
Principal tasks and responsibilities:Build, expand and maintain a strong network of contacts with the main state and national media channels;Media monitoring and analysis.Managing social media platforms: Twitter, Instagram, Facebook, LinkedInWrite/edit articles/op-eds/speeches/press releases for publication in the national media and public events.Organize events in related fields (such as interviews, press conferences, ceremonies) and seek out cooperation opportunities.Deal with enquiries from the public, press and related organizations.
Skills:Excellent interpersonal and communication skills, including effective writing skills.Having the ability to network and maintain a good relationship with media outlets.Creativity and ability to take initiative.Excellent organizational and time management skills with the ability to multitask.Flexibility, determination, enthusiasm and the ability to cope under pressure.Working efficiently, both independently and as part of a team.The ability to think strategically for planning successful digital campaigns.The capacity to prioritize tasks and projects effectively.Knowledge and understanding of the national political and social systems.
Qualifications:Bachelor's degree; with preference for the following fields: Communication and Media, Journalism, Marketing, Political Science, Social science.Language skills: Excellent written and spoken English.Good knowledge of graphic and video editing platforms.
Advantages:Experience in working with international organizations, promotion and communication.Contacts with the national/international media.Hebrew is a plus, but not required.
Interested?Please send your application (Cover letter and CV) with the title “Communications and Digital Diplomacy- (Full name)”to pr.boston.mfa@gmail.com* The appointment of a successful candidate will be subject to security clearance.** US citizenship only (Cannot hold dual Israeli and US citizenship)",leadership_title_not_leadership
3322949022,"Director, Investment Sales",Kenai Capital Advisors,,"Job Title: Director, Investment SalesCompany: Kenai Capital AdvisorsLocation: Littleton, ColoradoJob Type: Full-time
About Us:Kenai Capital Advisors is a leader in the commercial real estate landscape, specializing in three core verticals that provide seamless expertise across the entire lifecycle of commercial assets. Our team strategically acquires institutional commercial real estate assets, manages those assets in-house with our expert property and asset managers, and our brokerage team provides sub-institutional capital market advisory services to clients nationally. 
As a trusted general partner and operator, our commitment to excellence is the cornerstone of our strategic approach in acquiring institutionally sized commercial real estate assets, primarily concentrated in the middle part of the United States. We excel in identifying investment opportunities that not only meet but surpass the expectations of our partners, resulting in superior risk-adjusted returns.
At the heart of our operations is our dedication to excellence in property management. Our seasoned team, with a track record of successfully managing over 20 million square feet of commercial assets, leverages a wealth of industry knowledge and cutting-edge technology to ensure the seamless operation and optimization of our real estate portfolio. From day-to-day operations to long-term strategic planning, we take pride in maintaining and enhancing the value of our assets.
Unlike no other institutional operator, Kenai Capital Advisors stands out with its distinguished commercial real estate brokerage arm. Our experienced team specializes in facilitating investment sales and equity raises, providing comprehensive advisory services to clients navigating the national commercial real estate market. With a unique perspective as both owners and operators of assets, our brokerage team carries an unparalleled understanding of property and market dynamics, coupled with an extensive network of industry connections. 
Whether you are an institutional investor seeking a strategic partner or a property owner in need of expert guidance, Kenai Capital Advisors is your trusted and results-driven ally in the dynamic world of commercial real estate. Our dedication to integrity, innovation, information, and client success positions us as an industry leader, making us the premier choice for comprehensive real estate solutions.
Kenai Capital Advisors is proud to be a veteran owned business. Job Summary:We are looking for a talented and results-driven person to join our team as a Commercial Real Estate Broker and take a pivotal role in managing and executing commercial real estate transactions. The ideal candidate will have a deep interest for commercial real estate, possess a good understanding of finance and the capital markets, be adept at negotiating complex sales transactions, have a lifelong passion for learning, and a knack for fostering strong relationships with clients and industry partners.
Responsibilities:1. Conduct in-depth market research to identify and evaluate commercial real estate investment opportunities.2. Build and nurture relationships with property owners, developers, and investors through phone calls, meetings, conferences, and other methods.3. Analyze financial data, market trends, and property values to advise clients on investment strategies.4. Prepare and present comprehensive proposals and investment analyses to clients.5. Lead negotiations for sales agreements.6. Collaborate with internal teams to ensure smooth and efficient transaction processes.7. Stay abreast of industry regulations, market dynamics, and emerging trends.8. Provide high-quality customer service, addressing client needs throughout the transaction lifecycle.
Qualifications:1. Bachelor’s or Master’s degree in Business, Finance, Real Estate, or related field.2. Deep desire to understand commercial real estate investment strategies and financial modeling. Financial modeling experience in Excel and/or Argus a plus. 3. Exceptional negotiation, communication, and interpersonal skills.4. Ability to work independently and collaboratively within a dynamic team environment.5. Detail-oriented with strong analytical and problem-solving abilities.6. Active real estate license must be obtained prior to acceptance. Benefits:- Competitive performance-based commission structure.- Comprehensive health, dental, and vision insurance.- Retirement savings plan.- Ability to invest alongside the Company’s real estate investments.- Professional development and training opportunities.
How to Apply:Interested candidates are invited to submit their resume and a tailored cover letter to info@kenaicap.com. Please include ""Investment Sales Broker Application"" in the subject line.
Kenai Capital Advisors is an equal opportunity employer, and we encourage candidates from diverse backgrounds to apply. 
",leadership_title_not_leadership
3486250934,Chief Executive Officer,ZM Jobs & Hiring Limited,,"We are looking for an experienced Chief Executive Officer or CEO to supervise and control all strategic and business aspects of the company. You will be the first in command in the company and responsible for giving the proper strategic direction as well as creating a vision for success.Chief Executive Officer Job Responsibilities:
Creates an environment and culture that focuses on fulfilling the company’s mission, vision, and values.Operational management of all business departments.Develops business prospects by studying economic trends and revenue opportunities; projecting acquisition and expansion prospects; analyzing organization operations; identifying opportunities for improvement, cost reduction, and systems enhancement; and accumulating capital to fund expansion.Ensures the company is staffed with well-trained, quality, and engaged employees at all times; works closely with the executive management team to develop effective hiring, training, and compensation plans to retain our quality talent; and leads and mentors staff, engaging and empowering them to be successful in serving customers.Oversees financial performance and risk profile while ensuring that all of regulatory obligations are met; manages the design and implementation of new products and services; and oversees brand development and the implementation of effective marketing strategies.Represents company at important business functions, community events, industry training and events, and networking opportunities.Ensures quality metrics are achieved through sound business processes following regulatory agency guidelines.Focuses on consensus building efforts and strategic planning.Ensures the timely submission of month-end financial and operational reviews, contributes to the development of and participation in corporate-wide strategic planning efforts.Monitors company performance by measuring and analyzing results, initiating corrective actions, and minimizing the impact of variances.Education, Experience, and Licensing Requirements
Bachelor’s or master’s degree in business, accounting, finance, or a related fieldMinimum of 10 years of management experience including extensive commercial lending/credit administration experienceIn-depth understanding of the industry including risk management, compliance, and regulatory requirementsIn-depth understanding of accounting principles including budgeting, balance sheets, income statements, cash flow, and capital planning managementStrategic leadership ability.",leadership_title_not_leadership
3511440340,Assistant Director,Kiddie Academies of Greater Seattle Careers,,"Assistant Director - Child Care CenterMake a difference in a child's life - and your own. Excellent opportunity for an early childhood Leader to grow.Kiddie Academy of Bellevue has an exciting leadership opportunity for an energetic, organized, experienced and inspiring professional to join us as Assistant Director. Apply now to join our leadership team at Kiddie Academy as the Assistant Director!We are a group (KAGS) of locally owned early childhood education academies in the Greater Seattle area. Our group owns and operates the Kiddie Academy locations in Bellevue, Bothell, Kirkland, Mill Creek, Kenmore and Seattle. We have an awesome work culture, and if you’re the right candidate, you’ll fit right in. We offer growth-oriented, challenging and rewarding career opportunities in a collaborative and supportive environment. We are committed, flexible and creative in our talent growth strategy.
Position Overview:As an Assistant Director you will assist and support Center Director in all aspects of management of the Academy, to include enrollment, human resources, marketing, customer relations, financial systems, quality control and physical facility. If you’re motivated by smiles and laughs from children and praise from parents, this could be the job for you.
We’re looking for:An enthusiastic leader with exceptional communication skills.Experience managing, growing enrollment and maintaining retention in a center-based program.Excellent administrative, organizational, verbal, listening, and communication skills.Action oriented, organized, strategic thinker, focused on getting the right things doneA thorough knowledge of WA Licensing regulations (WACs) for child care centers and a great understanding of developmentally-appropriate practicesAt least 2 years of early childhood education experience required as a center director.
We offer:Pay depending on position, experience and qualificationsExcellent Benefits which include, medical, dental and vision insurance with no lengthy wait periodPaid HolidaysPaid Time offGenerous child care discounts for employees (limited availability and conditions apply).Company paid professional development programFantastic growth opportunities available through job rotation, lateral move, and special project assignmentsBenefits vary based on full-time/part-time status... and much more. Visit our academy and learn more.About Kiddie Academy:Kiddie Academy® is a leader in educationally focused child cares for more than 30 years. Kiddie Academy redefined childcare by creating a place where fun and learning go hand in hand. KAGS Group is a franchisee of Kiddie Academy® and an equal opportunity employer.",leadership_title_not_leadership
3586242087,Director of Sales,,,"Company DescriptionExperts in international Oil and Gas Drilling, Hydraulic Fracturing, Production, Consulting, Engineering, Product Distribution, Operations, and Execution of Upstream Exploration & Production, Mid-Stream, Pipeline, all areas of Pressure Control Operations and Products. 
Role DescriptionThis is a full-time hybrid role as the Director of Sales at Diamond D Global. As the Director of Sales, you will be responsible for building, leading and managing the sales team, developing sales strategies, and driving revenue growth. You will also collaborate with cross-functional teams to develop and implement effective sales processes and initiatives. This role is located in Tampa, FL, with flexibility for remote work from other Florida locations.
QualificationsPrior experience in a leadership role within a sales organizationPrior Oil & Gas Experience preferably in pressure control Prior Industrial Bolting Experience a plus Prior Power & Water Experience a plus Well established book of business Knowledge of global supply chainBusiness development background a major plus Demonstrated track record of success in achieving and exceeding sales targetsStrong strategic thinking and problem-solving skillsExcellent communication and interpersonal skillsAbility to build and maintain relationships with key accounts Strong negotiation and closing skillsExperience with CRM software and sales analyticsBachelor's degree in business or a related field or equivalent work experienceAbility to travel as required
",leadership_title_not_leadership
23221523,Senior Elder Law / Trusts and Estates Associate Attorney,"Abrams Fensterman, LLP",,"Senior Associate Attorney - Elder Law / Trusts and Estates  Our legal team is committed to providing each client with quality counsel, innovative solutions, and personalized service. Founded in 2000, the firm offers the legal expertise of its 115+ attorneys, who have accumulated experience and problem-solving skills over decades of practice.
We are a prominent Lake Success Law Firm seeking an associate attorney for its growing Elder Law and Estate Planning practice. The successful candidate will be a self-motivated, detail-oriented team member with strong communication skills and a desire to grow their practice. Experience with Estate Planning, Administration, and Litigation and is preferred.
 Responsibilities will include:
Counseling clients with regard to estate planning and asset protection;Formulating and overseeing execution of Medicaid and estate plans;Drafting wills, revocable and irrevocable trusts, powers of attorney, health care proxies, and living wills;Estate Administration;Trust Administration;Court Appearances for Estate and Proceedings;Supervising paralegals 
Qualifications:Juris Doctor degree (J.D.) from an accredited law schoolLicensed to practice law in New York10-15 years of experienceExperience with various advance directives, trusts, and willsStrong analytical and problem-solving skillsAbility to build rapport with clientsExcellent written and verbal communication skills
 Competitive salary commensurate with experienceSalary: $140,000- $175,000Benefits: 401k, Medical, Dental, Life Insurance, PTO, and more
This position is based out of Lake Success, NY ",senior_title_not_seniorish
69333422,Senior Product Marketing Manager,Staffing Theory,,"A leading pharmaceutical company committed to developing and commercializing innovative and high-quality medicines that improve the lives of patients is now hiring for a Senior Product Marketing Manager. This role will be responsible for developing and executing marketing strategies for one or more pharmaceutical products. This individual will work closely with cross-functional teams including sales, medical affairs, market research, and commercial operations to develop and implement integrated marketing plans that drive product awareness, adoption, and revenue growth.
Responsibilities: Develop and implement integrated marketing plans for our pharmaceutical productsAct as the Marketing point on patient support initiatives including, patient HUB, patient advocacy groups, and bridge programLeverage insights and analysis of customer needs and market environment to inform marketing strategies and develop tactical plansWork closely with cross-functional teams to develop and execute product-specific promotional campaigns across multiple channels including digital, print, and events.Manage product-specific budgets and track performance against marketing objectives and KPIs. Participate in the development of product launch plans and ensure effective execution of launch activities. Collaborate with Training to identify training needs and develop and deliver sales force training materials to address these needs﻿Requirements: Minimum of 7 years of experience in pharmaceutical product marketing, with a demonstrated track record of success. Experience in immunology and preferably, in gastroenterology Strong knowledge of the pharmaceutical industry, including regulatory requirements, product development, and commercialization. Excellent communication and interpersonal skills, with the ability to collaborate effectively across cross-functional teams. Strong analytical skills and ability to analyze market research data to inform marketing strategies. Ability to manage budgets and track performance against marketing objectives. Ability to work independently and in a team environment.Willingness to travel up to 20% of is required.
",senior_title_not_seniorish
1183148438,"Montessori Lead Guide, Primary",,,"Montessori Primary (Early Childhood, 3-6) Lead Guide for 2024-2025 School YearFounded in 2006, Athena Montessori Academy is a private Montessori preschool in central Austin. We are seeking a Montessori trained, credentialed, and experienced Lead Guide for an established Primary 3-6 classroom to join our team of supportive Lead Primary guides. Ideal candidates have experience in Montessori, love working with young children, enjoy working on a collaborative team, and are open to learning and growing personally and professionally. We are a team that values healthy communication, is not afraid of courageous conversations, and practices giving and receiving feedback with each other. MACTE approved Montessori credential required.
Athena exists to build a healthy and courageous place to grow, play, and actualize an equitable community. We believe we have the opportunity to make the world a better place through the education of the young child, and prioritize diversity, equity, and inclusion in our decision making. We understand that we are preparing children for the world beyond school, and we are looking for teachers who represent different cultures, races, backgrounds, perspectives, identities, styles, and orientations. We are a school that not only aspires to meet the children's academic development, but also their social and emotional development, in our quest to truly follow the child.
Position starts summer of 2024 or August of 2024 (start date can be earlier for training and is flexible, but no later than August 5, 2024).
Pay: $45,000.00 - $77,000.00 per year, annual salary Hourly equivalent: $26.70 to $36.36/hr
Benefits:Health insurance paid 100%Discounts for vision, dental, and life insuranceTen paid personal/vacation/sick days (PTO), in addition to paid holidays and days when school is closedTwo weeks preparation paid prior to new school yearTwo hours of paid office hours dailySchool year schedule, following AISD calendar; summer camp optionalCompetitive SalaryExtensive team of support staff provide breaks and support during transitions, nap, and After SchoolSupportive and experienced administrative and leadership teamsProfessional development and ongoing training paid, including annual conference fees, travel, accommodations, and per diemLow ratiosSchool closures four days per school year for parent conferences; paid time out of the classroom to prepare for conferences
Application process:Review website at www.AthenaMontessoriAcademy.comRead the DEI/ABAR page of the website in its entiretySubmit cover letter, resume, and three professional references—supervisor, colleague, and parent


",senior_title_not_seniorish
2011147642,Lead Installer,BWE Home Theater,,"Position: Lead Installer with BWE Home Theater
Company Overview
Join our team at BWE Home Theater, a leading provider of home theater solutions committed to delivering exceptional audiovisual experiences to our clients. We specialize in designing, installing, and maintaining cutting-edge home entertainment systems, creating immersive environments that exceed expectations. We're seeking a talented Lead Installer to play a pivotal role in our mission to transform spaces into ultimate entertainment hubs.
Position Overview
We are currently seeking a skilled Lead Installer with a passion for technology and a keen eye for detail. The Lead Installer will be responsible for overseeing the installation process of home theater systems, ensuring quality workmanship, and providing top-notch customer service. This role requires strong technical expertise, leadership capabilities, and excellent communication skills to collaborate effectively with clients and team members.
Responsibilities
Lead and supervise installation teams to ensure projects are completed efficiently and to the highest standards.Perform site assessments and collaborate with clients to understand their requirements and preferences.Plan and organize installation schedules, resources, and materials to meet project deadlines.Install, configure, and calibrate audiovisual equipment, including speakers, projectors, screens, amplifiers, and control systems.Troubleshoot technical issues and provide solutions to optimize system performance.Conduct thorough quality checks to ensure installations meet company standards and client expectations.Provide comprehensive training to clients on system operation and functionality.Maintain accurate documentation of installation processes, equipment inventory, and project updates.Uphold safety protocols and compliance with industry regulations during all installations.
Qualifications
Minimum of 3 years of experience in audiovisual installation, preferably in a residential setting.Proven leadership skills with the ability to motivate and mentor installation teams.Strong technical proficiency in home theater equipment and systems integration.Excellent problem-solving abilities and attention to detail.Effective communication skills, both verbal and written, with the ability to interact professionally with clients and team members.Knowledge of electrical wiring, networking, and construction principles.Knowledge and experience with power tools, hand tools, ladders, etc.You will be expected to provide certain tools (examples: tool bag, hammer, basic hand tools, basic power tools, etc.) A comprehensive list of tools can be provided during the onboarding processAbility to work independently and adapt to changing project requirements.Valid driver's license and clean driving record.
Benefits
Competitive pay commensurate with experience.Benefits available, including health insurance and dental insurance (details will be discussed during the interview process)Opportunities for professional development and career advancement.Dynamic and collaborative work environment with a focus on innovation and creativity.Employee discounts on home theater products and services.
Join Our Team
If you are passionate about technology and delivering exceptional audiovisual experiences, we invite you to apply for the Lead Installer position at BWE Home Theater. Take the next step in your career and become part of our dedicated team committed to transforming homes into ultimate entertainment destinations. Apply now and embark on an exciting journey with us!",senior_title_not_seniorish
2147609835,Trade Review Principal,The Job Network,,"Integrity is one of the nation’s leading independent distributors of life, health and wealth insurance products. With a strong insurtech focus, we embrace a broad and innovative approach to serving agents and clients alike. Integrity is driven by a singular purpose: to help people protect their health and wealth so they can be ready for the good days ahead.

Headquartered in Dallas, Texas, Integrity is committed to meeting Americans wherever they are — in person, over the phone or online. Integrity’s employees support hundreds of thousands of independent agents who serve the needs of millions of clients nationwide. For more information, visit IntegrityMarketing.com.

We are currently seeking an dedicated and driven Trade Review Principal to help lead Brokers Internal Financial Services, LLC registered representatives and investment advisory representatives.

Brokers International and our subsidiary organizations, Brokers Financial and Brokers International Mountain States work to empower financial professionals across the country with innovative solutions, support, technology, and marketing assistance so they can help more Americans effectively prepare for retirement. By joining our team, you’ll have the opportunity to work for one of the country’s largest and most experienced insurance marketing organizations, enabling you to positively impact thousands of financial professionals and their businesses.

What You'll Be Responsible For Provide Principal review and approval of transactions while working within firm’s established suitability guidelines and time frames.

Provide Principal review and approval on variety of business types: mutual funds, annuities, variable life insurance, financial planning advisory.Reviewing advisory accounts held through our clearing firms to ensure that the account opening process follows all company guidelines.Conduct customer account reviews to detect potential sales abuses.Maintain product knowledge.Handle incoming calls from RRs or clients to assist with various requests (i.e., withdrawals, address change, form requirements, firm procedures, etc.) and problem resolution.Provide education and training to representatives concerning regulatory, corporate, and legal requirements, general product offerings, licensing issues as well as internal processes & procedures.Notifying advisors when a transaction conflicts with a client’s investment profile, a company policy, or an industry regulation. Working with advisors to resolve escalated issues surrounding these investments.Work with the Compliance Department as needed to address regulatory concerns or improper sales practices.

Desired Qualifications: Four-year college or university program certificate; or two to four years related experience and/or training; or equivalent combination of education and experience.

FINRA Series 6, 26, and 65 required. Insurance and securities license(s) in state(s) of operation for life, health, and variable annuity may be required.Prior industry experience required.Advanced technical knowledge and advanced understanding of broker-dealer and RIA business processes. Thorough understanding of rules, regulations and legal requirements of the SEC, FINRA, MSRB, AML and state securities regulators. Product knowledge in variable life, variable annuities, mutual funds, managed accounts, financial planning, and securities.

Employee Benefits

Brokers International offers a comprehensive benefits package including PTO, paid holidays, medical, dental, retirement plan, Employee Ownership Program, employer paid short term disability, and more. We believe in a flexible work environment and have a hybrid work model for most positions. We also reward our employees’ hard work with profitability bonuses, a casual dress code, adjustable sit / stand desks, and free snacks, fruit and coffee. As an added bonus, we close every Friday at 3 p.m.

Our Culture

At Brokers International, our thriving, positive workplace culture helps drive our workforce and encourages overall employee wellbeing. We strive for an environment of inclusion while celebrating the individual creative differences embodied by all of our employees. If you want to be part of an innovative team dedicated to helping financial professionals build stronger businesses through tailored product sales, marketing, compliance and operational support, look no further.

About Integrity

Integrity is one of the nation’s leading independent distributors of life, health and wealth insurance products with a data and technology focus. We are an omnichannel insurtech company innovating insurance with a singular purpose: to help people protect their life, health and wealth so they can make the most of what life brings. Headquartered in Dallas, Texas, Integrity is committed to making insurance simpler and more human, so everyone can plan for the good days ahead. Integrity’s 5,500 employees currently support over 420,000 independent agents who serve the needs of more than 2.2 million clients annually. For more information, visit www.integritymarketing.com.

Integrity offers you the opportunity to start a career in a family-like environment that is rewarding and cutting edge. Why? Because we put our people first! At Integrity, you can start a new career path at company you’ll love, and we’ll love you back. We’re proud of the work we do and the culture we’ve built, where we celebrate your hard work and support you daily.

Joining us means being part of a hyper-growth company with tons of professional opportunities for you to accelerate your career. Integrity offers our people a competitive compensation package, including benefits that make work more fun and give you and your family peace of mind.

Integrity Marketing Group, LLC is an Equal Opportunity employer. All qualified applicants will receive consideration for employment without regard to race, color, religion, sex, gender identity, national origin, disability, veteran status, or any other characteristic protected by federal, state, or local law. In addition, Integrity Marketing Group, LLC will provide reasonable accommodations for qualified individuals with disabilities

PandoLogic. Keywords: Broker, Location: Urbandale, IA - 50322",senior_title_not_seniorish
2428973832,Staff Accountant,"Grow West MD, LLC",,"The ideal candidate will be responsible for timely and accurate preparation of financial accounting data in a variety of areas. It is essential that this candidate brings analytical and organizational skills in order to best support the accounting team.  Responsibilities· Posting of AP and AR invoices, ensuring accuracy of date, amount, and expense type.· Review, Approve, and Post Purchase Orders from the Dispensary.· Process Vendor Payments via check and ACH.· Record Journal Entries to allocate expenses of company credit card purchases.· Assist Controller in preparation of documents for month end close.· Complete Purchase Orders, Vendor Onboarding Documents, Credit Applications, and other business-related forms.· Prepare Bank Reconciliation Reports monthly.· Assist Controller and CFO in research and preparation of reports for Yearend Close and Yearly Financial Audits.· High level of communication, organizational and analytical skills.· Reinforce company policies with staff as needed. Constantly update job knowledge. Function in accordance with established standards, procedures, and applicable laws. Time management skills to meet processing and reporting deadlines.  Provide accounting and clerical assistance to the controller.· More Duties and Responsibilities may be added at the discretion of Management.
QualificationsBachelor's degree or equivalent in Accounting, Economics, or Finance0 - 2 years' experience in accountingProficient in Microsoft Excel",senior_title_not_seniorish
3377655935,Senior Account Manager,Garven Design Group,,"Are you a proactive, detail-oriented professional who is passionate about forging strong relationships with retail customers while driving sales growth? We are seeking a Senior Account Manager to join our team. This role is pivotal in managing and nurturing several key retail accounts, ensuring customer satisfaction, and achieving business objectives. Successful performance in the Senior Account Manager position may progress into Sales Lead role, where you will have increased responsibility driving initiatives on key accounts.
Key Responsibilities:Develop and maintain relationships with retail customers to understand their needs and influence outcomes.Collaborate with Sales to manage and execute details for national retail account programs, ensuring alignment with objectives and timelines.Comprehend business strategies and processes to meet customer requirements.Facilitate internal tasks and communication to ensure program objectives are met on time.Provide recommendations and work with cross-functional teams to optimize program management and development.Maintain accurate records and update internal process documents with a strong emphasis on detail.Conduct margin analysis and pricing reviews to align current programs with historical data and industry standards.Ensure customer needs are met while aligning with company goals and objectives.
Minimum Qualifications:Bachelor's degree or equivalent experience with 3+ years in account management for large retail accounts.Excellent written and verbal communication skills with a customer-focused perspective.Advanced skills in Microsoft Office Suite (Excel, Outlook, PowerPoint) and experience with retail customer web portals.Strong analytical skills with a background in Mass retail.Ability to analyze and resolve issues in an effective and timely manner.Strong organizational skills and attention to detail.Ability to prioritize and multitask in a fast-paced environment. Garven Design Group creates custom gifts and gift packaging for our retail partners. We offer a hybrid work environment and a comprehensive benefits package. This role offers an exciting opportunity to contribute to our growth and success in the retail sector while working within a collaborative and supportive team environment. This position is based out of our office in Edina, MN.",senior_title_not_seniorish
3475933396,Senior Developer,USLI,Associate,"This individual will work with a high performance team in the creation and maintenance of applications for our mobile, web and in-house systems. This individual will take on a work leadership role and has the interpersonal and technical skills required to guide a team. They displays poise and maturity in task completion and personal interactions and acknowledges their own responsibility and accountability. They utilize a deep understanding of Object Oriented principles in designing and developing solutions for new or existing systems. Understands, supports and provides guidance on the developer team fundamentals. This individual will communicate effectively with the business, other developers and with Information Technology leadership. They have excellent oral and written communication skills, customer service skills and the ability/flexibility to respond to and thrive in a fast-paced, ever-changing collaborative team environment. This individual has the ability to resolve team conflicts and determine resolutions to issues proactively. They will make deadlines and commitments and gain a moderate level of insurance knowledge of all products in the Company’s book of business. They will use individual development plan and is instrumental in helping others to become stronger developers. They have strong problem solving skills and the ability and desire to learn new technologies rapidly. They will enroll and complete continuing education programs in both Professional and Personal Development as outlined in annual Training and Development Plan. Developers are expected to mentor and support other team members and enable small team success.
Responsibilities and Qualifications:• Day to day oversight and direction on medium size team initiatives• Proficient knowledge of the .NET framework and understanding of the architecture and system design standards• Ultimately responsible for the management and taking advantage of code re-use• Able to extend a specific system by designing and implementing new feature sets with little architecture involvement• Responsible for the coding standards of the department and ensuring they are applied• Assists in recommending refactoring phases• Deep understanding of our complex systems and/or workflows• Keep up with new technologies and new developments in the software development field; collaborate with peers• Recognized expert in one or more of our technology disciplines.• Demonstrates innovative thinking to solve technology issues as well as the ability to solve complex problems• Consistently provides developer feedback to people leaders• Recognizes patterns in systems (Singleton, Factory) and is able to mentor others about USLI’s implementation of these patterns• Mentor and support other team members on complex technical subjects
At USLI, our goal is to strengthen our community and culture by representing all races, genders, religions and sexual orientations. We continue to move conversations about diversity, equity and inclusion forward to ensure every community member has a sense of belonging, a voice and a seat at the table USLI provides full-time community members with a comprehensive benefits package, access to wellness programs, continuing education resources, and multiple opportunities to get involved with charitable organizations. 
All positions are required to work on-site 75% of the time unless indicated otherwise in the job description. Candidates can discuss additional details with the hiring leader.College degree/technical certifications or equivalent industry/technical experience. Individual has a minimum of 10+ years of software development experience.
Specific Skills: ASP/ASP.NET, C#, MVC, Object Oriented Design/Development, VB/VB.NET, Agile/SCRUM, JavaScript/jQuery/jSON, Knockout.js, Angular.js, HTML 5, SQL Server, SQL/XML, Emerging Microsoft technologies. Working Hours: 9:00 a.m. – 5:00 p.m. Some overtime work as needed.",senior_title_not_seniorish
3533320307,Java architect / Lead Java developer,NLB Services,,"Position: Java architect / Lead Java developerLocation: New Jersey (Day one Onsite)Position Type: Full-Time
Skills Require: Java, Microservices, Rest Api, Web services, UI - React JS, Redux, Micro frontend, Typescript, React.js Job Description:· Strong Experience on Java Platform.· Hands on Java React and backend with architect exposure ( Lead or engineering manager) with offshore and onsite experience.
Please share your updated Resume at deepak.badhwar@nlbtech.com",senior_title_not_seniorish
3586167732,Senior Software Engineer,StyleAI,,"StyleAI is the AI-powered, all-in-one unified marketing platform for businesses and ambitious marketing teams. Thousands of companies rely on Style to manage their SEO strategies, Google Ads campaigns, and websites in real time. Based in San Francisco, StyleAI offers three turnkey products: Seona, Crafta, and Adwin, helping businesses automate their entire digital marketing strategy. We are looking to rapidly scale and hire exceptional technical talent. Some information about us:Strategic investors: Raised over $6M from a great investing team including HOF Capital, Avenir, General Catalyst, etc. We are also partnered with the SEO industry leader Semrush and data analytics platform SimilarWeb.Exceptional product market fit: We have seen rapid growth since our inception, going from $0→3M ARR in the last 12 months.Strong talent density: Our team was founded by 2 Berkeley dropouts and consists of high-impact, team players with exceptional technical skills. Our team has turned down offers from Airbnb, Microsoft, Pinterest, IMC Trading, CrowdStrike, Shopify, Palantir, and Cisco to pursue our own vision instead.
Our mission is to democratize digital marketing for all businesses. With StyleAI, it's easier than ever for small businesses to establish a strong online presence.
About the RoleAs an early member of the engineering team at StyleAI, you will own and lead engineering projects that define the user experience of our various product lines. You’ll be responsible for much of the development of our core product offerings: Crafta, Seona, or Adwin.We are a cross-functional team with a culture of collaboration and ownership - we highly encourage developers to resonate with customers, provide infrastructure input, and take-part in strategic product discussions. If any of this resonates with you, this role might be right for you.This role is based in San Francisco, CA. We are full in-person and offer relocation assistance to prospective employees.
ResponsibilitiesBuild intuitive, user-first web apps that can scale with our user base.Work collaboratively with the rest of the engineering team to deliver infrastructure for core and emerging productsSolve complex technical problems, either independently or collaboratively, to deliver innovative solutions that provide customer value and directly impact key business metrics.Understanding and willingness to maintain our core infrastructure.Ensure all code being pushed to the production (across the team) is excellent.
Qualifications8+ years of experience in software development and extremely strong track record, launching innovative products from 0→1 and at scaleStartup mindset - Scrappy, intelligent, and entrepreneurially minded individuals interested in joining a fast paced startup and looking for early ownership and growth.Tech stack experience - Our tech stack includes Typescript/Javascript on the frontend, Golang in the backend, a job queuing system with Kafka, PostgreSQL as our database and cloud hosting with GCP. Experience with Golang and GCP is a bonus.Strong knowledge of SMB and consumer tools - experience with world-class teams in this space is a plus.Track record of shipping and scaling SaaS products, strong attention to detail.
CompensationThe expected range of compensation for this role is $200,000+. Additionally, this role will participate in our equity plan. This salary range may be inclusive of several career levels at StyleAI and will be narrowed during the interview process based on a number of factors such as scope and responsibilities, the candidate’s experience and qualifications, and onboarding.
Useful links:Website: https://usestyle.ai/We practice our tenets religiously: https://usestyle.ai/tenetsLearn more about our company culture here: https://usestyleai.notion.site/StyleAI-Mission-Vision-Tenets-e948703d845043b49bc1dc3015d00c6e",senior_title_not_seniorish
